{
    "Class IoU": {
        "0": 0.9723835140393139, 
        "1": 0.932284405801355, 
        "2": 0.7468137710962681, 
        "3": 0.9218783356840369, 
        "4": 0.8484579004810219, 
        "5": 0.8696297249201347, 
        "6": 0.9720973207300103, 
        "7": 0.935915049578212, 
        "8": 0.9374628071322245, 
        "9": 0.6875070250549213, 
        "10": 0.9582069281376151, 
        "11": 0.8308168870071049, 
        "12": 0.9282477592335033, 
        "13": 0.9304011384698115, 
        "14": 0.9140842413972792, 
        "15": 0.9055205679928403, 
        "16": 0.8116604297212983, 
        "17": 0.9352167645389193, 
        "18": 0.8234079050857073, 
        "19": 0.9300925249646486, 
        "20": 0.8099681859474088
    }, 
    "FreqW Acc": 0.9531461900878117, 
    "Mean Acc": 0.9279972291530902, 
    "Mean IoU": 0.8858120565244588, 
    "Overall Acc": 0.9756045013064952
}