{
    "Class IoU": {
        "0": 0.9720507018787903, 
        "1": 0.9296281094338285, 
        "2": 0.7234742052854309, 
        "3": 0.9225243177338182, 
        "4": 0.8318045051638611, 
        "5": 0.8782490336084968, 
        "6": 0.9715514433351778, 
        "7": 0.9402895154307185, 
        "8": 0.9372223191974904, 
        "9": 0.6759331602494226, 
        "10": 0.9526220286282768, 
        "11": 0.8278434084687414, 
        "12": 0.9248270465951416, 
        "13": 0.9248037370339303, 
        "14": 0.9131082290202047, 
        "15": 0.9030004679899833, 
        "16": 0.7972657605334218, 
        "17": 0.9282957360023752, 
        "18": 0.8207954040092147, 
        "19": 0.934780815109344, 
        "20": 0.7932057422450404
    }, 
    "FreqW Acc": 0.9521466591274718, 
    "Mean Acc": 0.9302564874727208, 
    "Mean IoU": 0.8811083660453672, 
    "Overall Acc": 0.9749297938026947
}